<?xml version="1.0" encoding="UTF-8" standalone="no"?>
<!-- Generated 20 ene 2025, 12:19:37 by Hibernate Tools 6.5.1.Final --><!DOCTYPE hibernate-mapping PUBLIC "-//Hibernate/Hibernate Mapping DTD 3.0//EN" "http://www.hibernate.org/dtd/hibernate-mapping-3.0.dtd">
<hibernate-mapping>
    <class name="Countries" optimistic-lock="none" table="COUNTRIES">
        <id name="countryId" type="string">
            <column length="2" name="COUNTRY_ID"/>
            <generator class="assigned"/>
        </id>
        <property name="countryName" type="string">
            <column length="40" name="COUNTRY_NAME" not-null="true"/>
        </property>
        <property name="regionId" type="big_integer">
            <column name="REGION_ID" precision="22" scale="0"/>
        </property>
    </class>
</hibernate-mapping>
